"Sample.name","Min","X1st.Q","Mode","Median","Mean","X3rd.Q","Max","Total.reads","Percent.mapped","Percent.paired","Percent.singletons","Fraction.with.mate.mapped.to.different.chr"
"Hopi_PPN285",0,5,11,11,13.2109,17,20093,443249448,"99.35%","81.23%","0.16%",0.157169535832112
"NMS373_PPN136",0,8,14,14,14.2429,19,17535,476255373,"99.31%","87.88%","0.30%",0.0929123334005935
"PI_531071",0,5,9,9,9.69708,13,9312,332354542,"98.28%","84.15%","0.79%",0.108229331795923
"PPN001",0,2,4,4,4.68784,6,5358,154900662,"99.43%","86.40%","0.24%",0.0939573131068994
"PPN002",0,4,6,6,7.61359,9,15375,256146872,"98.47%","84.73%","0.24%",0.10260875643252
"PPN003",0,8,16,15,15.9105,20,24558,530798876,"99.77%","90.25%","0.08%",0.0857032071032494
"PPN004",0,2,5,5,5.16763,7,5802,172593827,"99.18%","83.41%","0.36%",0.131285077768164
"PPN005",0,2,4,4,4.42734,6,6417,146117990,"99.44%","85.67%","0.18%",0.107656805298239
"PPN006",0,6,11,11,11.682,15,28344,388368032,"99.57%","87.14%","0.11%",0.111162594350711
"PPN007",0,2,4,4,5.13095,7,9991,168384748,"99.72%","91.84%","0.09%",0.0661598400824284
"PPN008",0,4,8,8,8.49981,11,22917,285219568,"99.41%","84.50%","0.15%",0.133572055617166
"PPN009",0,4,8,7,8.10191,11,9674,267349822,"99.46%","87.36%","0.18%",0.0918106165786039
"PPN010",0,6,11,11,11.7669,15,31821,392670622,"99.16%","80.81%","0.22%",0.151480499603049
"PPN011",0,9,15,14,14.5573,18,26959,480950343,"99.50%","87.79%","0.19%",0.0926771186438264
"PPN012",0,6,11,11,11.6222,16,51568,407471782,"99.25%","92.71%","0.14%",0.056792020999383
"PPN013",0,8,15,14,14.432,19,31307,477461811,"99.61%","88.75%","0.13%",0.0927093203690797
"PPN014",0,5,8,8,8.60737,12,6757,284108766,"99.45%","87.83%","0.22%",0.0910783231517749
"PPN015",0,2,5,5,5.03387,7,6864,165703261,"99.68%","90.94%","0.12%",0.0738833136180706
"PPN016",0,2,5,5,5.67774,8,5718,189276188,"99.01%","80.32%","0.41%",0.132949613292085
"PPN017",0,3,6,6,6.21168,8,10273,208487219,"99.22%","90.31%","0.41%",0.0658573991530867
"PPN018",0,2,4,4,4.78431,6,6547,157674837,"99.41%","85.97%","0.25%",0.0938140180224191
"PPN019",0,3,5,5,5.45756,7,5881,180687458,"99.44%","85.99%","0.24%",0.106860776136438
"PPN020",0,8,13,12,12.9077,16,27527,426517490,"99.46%","87.91%","0.18%",0.0960684965111278
"PPN021",0,8,14,14,14.2158,18,31560,470762056,"99.52%","88.18%","0.18%",0.0940913088373461
"PPN022",0,3,4,8,9.47927,13,68191,323449715,"99.69%","91.83%","0.10%",0.0679088927315951
"PPN023",0,6,10,10,10.8179,14,29293,359480997,"99.56%","88.75%","0.09%",0.0970899666220743
"PPN024",0,3,6,5,6.02738,8,5918,199289464,"99.51%","87.49%","0.12%",0.0973347692881546
"PPN025",0,7,14,13,13.9597,18,29419,464512327,"99.51%","87.89%","0.16%",0.101981866242271
"PPN026",0,8,14,13,13.612,17,31486,451127969,"99.51%","88.50%","0.18%",0.0909263065442967
"PPN027",0,7,14,13,13.5749,18,31946,453054972,"99.56%","87.29%","0.16%",0.105962947030631
"PPN028",0,3,5,5,5.60324,7,6535,186401324,"99.29%","83.34%","0.37%",0.136349889875246
"PPN029",0,2,5,5,5.38196,7,9173,177156919,"99.62%","88.17%","0.14%",0.0930012335561108
"PPN030",0,2,4,4,4.54922,6,3566,155591071,"97.91%","85.59%","1.11%",0.0882426987085911
"PPN031",0,2,4,4,4.64617,6,4942,153039046,"99.53%","87.29%","0.20%",0.0970845701691057
"PPN032",0,3,6,6,6.24494,9,5363,207081167,"99.51%","87.94%","0.21%",0.0965232246349085
"PPN033",0,5,9,9,9.99338,13,34061,336330732,"98.95%","86.44%","0.16%",0.110113018158567
"PPN034",0,7,13,13,12.9865,17,34048,431709975,"99.41%","85.78%","0.25%",0.110214747759766
"PPN035",0,5,11,11,11.578,16,88627,391061362,"99.74%","91.18%","0.08%",0.0757837333978293
"PPN036",0,5,9,9,9.50732,12,40868,315022769,"99.60%","88.03%","0.15%",0.0956089113672923
"PPN037",0,2,5,5,5.08558,7,5926,167914328,"99.53%","88.66%","0.18%",0.0842588251313491
"PPN038",0,1,2,3,3.57172,4,13610,121727535,"98.12%","86.83%","0.89%",0.0872342481920791
"PPN039",0,5,10,9,9.81626,13,40106,325893937,"99.51%","85.77%","0.20%",0.113194778459472
"PPN040",0,3,5,5,5.91156,8,6673,194381022,"99.63%","88.99%","0.14%",0.0849145550844979
"PPN041",0,2,5,5,5.57245,7,7168,183937017,"99.50%","85.72%","0.19%",0.106006340202853
"PPN042",0,3,5,6,6.84074,9,16238,243515513,"95.63%","76.34%","0.33%",0.156187306227181
"PPN043",0,2,4,4,4.84267,7,4261,164278679,"98.98%","85.87%","0.49%",0.104334318393198
"PPN044",0,2,4,4,5.29185,6,18615,173985972,"99.65%","89.74%","0.14%",0.0831606469974487
"PPN045",0,2,4,4,4.62336,6,5967,153416847,"99.36%","87.49%","0.29%",0.0847664011762672
"PPN046",0,4,7,7,7.61025,10,11178,252142482,"99.32%","83.32%","0.32%",0.120783906616736
"PPN047",0,3,4,5,4.99299,7,10097,171212120,"99.52%","86.02%","0.21%",0.0951309755407503
"PPN048",0,2,4,4,4.48576,6,4190,148871672,"99.28%","85.81%","0.31%",0.0970731490138702
"PPN049",0,2,4,4,4.81299,6,7986,158452467,"99.48%","84.87%","0.22%",0.105656278611301
"PPN050",0,4,6,6,6.45808,9,5846,213122557,"99.58%","89.75%","0.22%",0.0806604436526163
"PPN051",0,2,4,4,5.14718,7,7110,170225901,"99.38%","84.79%","0.26%",0.113495336999274
"PPN052",0,3,6,6,6.29181,8,5243,206471124,"99.54%","86.57%","0.20%",0.0875924034781735
"PPN054",0,7,13,12,12.0973,16,36295,401463648,"99.52%","88.01%","0.20%",0.0949616738400185
"PPN055",0,2,5,5,5.76714,8,4780,190569275,"99.37%","86.25%","0.24%",0.108067294688506
"PPN056",0,7,13,13,13.1395,18,24518,437403298,"99.72%","84.57%","0.15%",0.13819391457812
"PPN057",0,4,9,8,9.16269,12,61495,314191806,"99.55%","90.60%","0.15%",0.0789751531585136
"PPN058",0,3,6,6,6.75534,9,9623,223773560,"99.30%","83.21%","0.35%",0.135727616792618
"PPN059",0,2,5,5,5.14876,7,4554,170528395,"99.42%","89.05%","0.25%",0.0782705777533413
"PPN060",0,5,9,9,9.7197,13,60978,332891388,"99.68%","92.22%","0.09%",0.0648127791158118
"PPN061",0,2,5,5,5.49105,8,4658,180998946,"99.37%","88.08%","0.27%",0.0898532746152013
"PPN062",0,7,13,12,12.4417,16,20617,413108028,"99.40%","85.63%","0.28%",0.109221968448408
"PPN063",0,7,12,12,12.2934,16,28467,407822332,"99.38%","82.23%","0.31%",0.140416444874824
"PPN064",0,3,6,6,6.13839,8,5842,203466598,"99.40%","87.77%","0.22%",0.0980005671496016
"PPN065",0,2,5,5,6.23613,8,10892,207644151,"98.96%","81.56%","0.34%",0.123934769537525
"PPN066",0,7,12,11,11.4945,15,28832,379538222,"99.62%","88.25%","0.16%",0.0935476901717688
"PPN067",0,3,6,6,6.34824,8,13023,209790483,"99.59%","91.92%","0.16%",0.0644421224770239
"PPN068",0,5,10,10,10.8749,15,61739,370361148,"99.47%","88.95%","0.20%",0.0927940314084997
"PPN069",0,7,12,12,12.1789,16,28192,404574295,"99.62%","88.59%","0.17%",0.0895882522640248
"PPN070",0,6,12,11,11.7794,16,17507,394680815,"98.97%","86.01%","0.35%",0.107111008169982
"PPN071",0,6,11,11,11.9291,15,29682,394867909,"99.61%","86.77%","0.16%",0.108317047359754
"PPN072",0,6,11,10,11.0223,15,16423,367987499,"99.23%","86.36%","0.28%",0.105941414058742
"PPN073",0,2,4,4,4.51227,6,5712,149296772,"99.53%","87.69%","0.16%",0.100151569251611
"PPN074",0,6,12,11,11.7178,15,16173,393028352,"99.33%","88.41%","0.31%",0.0920103799534543
"PPN075",0,2,4,4,5.24994,7,12554,174259033,"99.40%","86.35%","0.25%",0.10722789905531
"PPN076",0,2,5,5,5.15063,7,8474,172090406,"99.43%","87.26%","0.25%",0.0992159202646079
"PPN077",0,2,5,4,4.9465,7,4501,163832417,"99.45%","86.00%","0.27%",0.112693350547346
"PPN078",0,6,12,11,11.6824,16,16991,390644524,"99.37%","86.83%","0.26%",0.108063206845311
"PPN079",0,4,7,8,8.87738,11,22673,296094251,"99.26%","80.40%","0.30%",0.150403068785013
"PPN080",0,3,6,6,6.6153,9,6779,219717519,"99.39%","85.01%","0.26%",0.105934993740759
"PPN081",0,2,5,5,5.44407,7,6417,180974973,"99.24%","84.70%","0.35%",0.108419886323177
"PPN082",0,5,11,10,10.9174,14,14074,366650442,"99.33%","87.92%","0.32%",0.0963483524179142
"PPN083",0,1,4,4,5.08288,7,5047,171269551,"98.89%","76.02%","0.44%",0.178888773988787
"PPN084",0,2,5,5,5.96393,8,18765,197977845,"99.37%","84.16%","0.24%",0.119736529105062
"PPN086",0,3,7,6,7.06228,9,9821,234862802,"99.57%","89.67%","0.15%",0.084115610610828
"PPN087",0,4,7,7,7.06509,9,8647,235102860,"99.59%","90.73%","0.14%",0.0744309618351729
"PPN088",0,4,7,6,7.39496,9,16342,247439818,"98.88%","81.42%","0.41%",0.121172680461639
"PPN089",0,2,4,4,5.03516,7,11900,168211165,"99.07%","83.17%","0.41%",0.112862092120936
"PPN090",0,3,5,5,5.86729,8,8434,197477310,"98.63%","83.79%","0.35%",0.107132338393712
"PPN091",0,6,13,12,12.0781,16,21653,401350194,"99.46%","87.16%","0.24%",0.103741731341981
"PPN092",0,3,7,7,7.15374,10,8336,239515872,"99.31%","86.97%","0.32%",0.0981848083954954
"PPN093",0,6,12,11,12.4754,16,22233,416148444,"99.38%","85.47%","0.26%",0.116915664834253
"PPN094",0,7,13,12,12.7605,17,23651,425351385,"99.43%","86.52%","0.25%",0.107819590148978
"PPN095",0,4,9,8,8.74704,12,7384,293542255,"99.19%","86.49%","0.36%",0.100922703615532
"PPN096",0,7,13,12,12.5654,17,26331,416508465,"99.43%","86.37%","0.26%",0.103886186322768
"PPN097",0,5,10,10,10.0122,13,7269,338200062,"99.37%","87.16%","0.26%",0.102702281586217
"PPN098",0,3,7,6,6.93787,9,6538,234714554,"98.94%","84.49%","0.51%",0.110438929151364
"PPN099",0,4,9,9,9.17923,12,7704,310312755,"99.20%","86.62%","0.37%",0.0991782951364664
"PPN100",0,2,4,4,4.9368,7,3947,167542575,"98.64%","80.85%","0.69%",0.136519568235119
"PPN101",0,5,10,9,9.70287,13,46327,325099661,"99.33%","83.46%","0.31%",0.130173694644363
"PPN102",0,4,9,8,8.93666,12,6002,302011631,"99.04%","85.57%","0.45%",0.106770066746204
"PPN103",0,1,3,3,3.86028,5,3061,129689358,"98.92%","82.50%","0.52%",0.120829775408403
"PPN104",0,5,10,9,9.47008,12,45417,317972087,"99.22%","86.34%","0.36%",0.103118699220916
"PPN105",0,6,11,10,10.7418,14,48890,360319323,"99.41%","88.17%","0.22%",0.0968796114217832
"PPN106",0,6,12,12,12.221,16,20195,407248425,"99.69%","89.10%","0.13%",0.0954511880555462
"PPN107",0,6,11,11,10.9494,14,30016,363735010,"99.49%","86.10%","0.21%",0.109908996662158
"PPN108",0,2,5,5,5.62562,7,11973,186306985,"99.48%","86.91%","0.20%",0.0994835808222649
"PPN109",0,6,11,11,11.062,15,9519,372647323,"98.98%","82.04%","0.54%",0.137917024564269
"PPN110",0,2,4,4,5.07795,7,87150,221288363,"99.30%","59.84%","0.32%",0.346502685276767
"PPN111",0,5,10,9,9.94266,13,20971,330930981,"99.47%","85.71%","0.22%",0.114131345109692
"PPN112",0,2,5,5,5.62963,8,4205,186885410,"99.25%","83.94%","0.35%",0.122590960953025
"PPN113",0,6,12,11,11.7747,16,24895,391165082,"99.57%","87.62%","0.17%",0.101422462856743
"PPN114",0,1,3,4,4.06695,6,3640,135003103,"99.29%","83.05%","0.32%",0.124516160195222
"PPN115",0,2,4,4,4.65687,6,3748,154164104,"99.32%","84.43%","0.34%",0.116887352713444
"PPN116",0,3,6,6,6.20577,9,4563,205506548,"99.42%","86.52%","0.28%",0.103804546412798
"PPN117",0,6,12,11,11.5236,15,25853,384032203,"99.42%","85.88%","0.24%",0.114016782076997
"PPN118",0,6,12,11,11.6183,15,16238,388553934,"99.26%","86.43%","0.34%",0.102844239893862
"PPN119",0,7,13,12,12.8464,17,21781,427272099,"99.56%","88.05%","0.21%",0.0965575755977457
"PPN120",0,7,13,12,12.4592,16,24763,414568096,"99.35%","84.00%","0.32%",0.127482685015877
"PPN121",0,2,3,4,3.95471,6,6475,130953917,"99.37%","84.29%","0.31%",0.117724603839074
"PPN122",0,3,5,5,5.70264,8,4245,187915629,"99.61%","89.58%","0.18%",0.0845949859763926
"PPN123",0,2,4,4,4.96932,7,8455,163694964,"99.61%","89.10%","0.18%",0.0888913112806574
"PPN124",0,3,5,5,5.84623,8,6802,192846347,"99.51%","87.83%","0.23%",0.0936104120240349
"PPN125",0,3,5,5,5.55072,7,5117,183292159,"99.46%","87.02%","0.27%",0.104480235840312
"PPN126",0,2,5,5,5.49612,7,5700,181409286,"99.47%","87.19%","0.27%",0.100881759713227
"PPN127",0,4,7,7,7.73756,10,8406,255043383,"99.49%","88.11%","0.23%",0.0903514834572281
"PPN128",0,2,3,4,4.6172,6,10932,153199268,"99.13%","77.58%","0.43%",0.157715218325978
"PPN129",0,2,5,5,5.51499,8,5624,183153232,"99.29%","84.25%","0.36%",0.127038053033102
"PPN130",0,3,7,7,7.33349,10,10476,241970106,"99.42%","87.12%","0.31%",0.104283716766236
"PPN131",0,3,7,7,7.09687,10,5319,234163688,"99.44%","88.20%","0.27%",0.0888416396994909
"PPN132",0,4,7,7,7.44051,10,9696,246335126,"99.54%","86.78%","0.27%",0.114411657231539
"PPN133",0,8,13,12,12.5662,16,19017,414794357,"99.64%","91.63%","0.19%",0.0673041991263155
"PPN134",0,6,12,11,12.04,16,38874,407381539,"98.87%","81.11%","0.41%",0.140006869579822
"PPN135",0,2,4,4,4.58151,6,8705,153169710,"98.77%","69.51%","0.62%",0.211941016275346
"PPN137",0,2,4,4,4.79712,7,6698,159272396,"99.23%","74.10%","0.41%",0.203912333936384
"PPN138",0,6,11,11,11.353,14,16638,377336886,"99.61%","90.81%","0.17%",0.0757034020787462
"PPN139",0,7,12,12,12.1364,16,14242,403611309,"99.49%","90.12%","0.24%",0.077079510177947
"PPN140",0,4,7,7,7.08837,9,5982,233927551,"99.34%","78.76%","0.36%",0.154052576731332
"PPN141",0,2,5,5,5.42999,7,12237,178125660,"99.60%","86.92%","0.16%",0.10553062371811
"PPN142",0,3,6,6,6.28116,9,6728,208350750,"99.42%","87.43%","0.23%",0.0928822670424753
"PPN143",0,2,5,5,5.40009,7,7310,179362599,"99.31%","85.50%","0.29%",0.099432725102294
"PPN144",0,2,5,5,5.47957,8,5007,182625586,"99.11%","77.86%","0.37%",0.162751554428962
"PPN145",0,2,4,4,4.77429,7,4596,157902424,"99.43%","86.75%","0.25%",0.0912101767354756
"PPN146",0,3,5,5,5.91847,8,6410,196040941,"99.40%","85.68%","0.25%",0.101728709820874
"PPN147",0,6,12,11,11.3832,15,13450,382303825,"99.27%","86.98%","0.36%",0.102755529584356
"PPN148",0,1,3,3,3.63537,5,5926,123840982,"98.05%","86.22%","1.07%",0.0861943100548088
"PPN149",0,2,4,4,4.34027,6,4718,145085820,"99.09%","80.60%","0.47%",0.151631675652383
"PPN150",0,2,5,5,5.18137,7,5877,171557860,"99.39%","86.55%","0.26%",0.0951690817313762
"PPN151",0,2,5,5,5.19982,7,7496,172402682,"99.21%","87.01%","0.36%",0.0811635865386363
"PPN152",0,2,4,4,4.74366,6,6214,156410321,"99.41%","84.62%","0.32%",0.120105910402166
"PPN153",0,7,13,12,12.5355,16,24338,416364074,"99.39%","85.17%","0.31%",0.116614950789438
"PPN154",0,4,7,7,7.50562,10,6579,247928590,"99.58%","90.65%","0.16%",0.0749309952514956
"PPN155",0,3,5,5,5.9047,8,7742,195395795,"99.40%","87.84%","0.28%",0.0835042125650657
"PPN156",0,3,6,6,6.48677,9,7605,214826385,"99.28%","86.89%","0.28%",0.0913482764233081
"PPN157",0,3,5,5,5.93673,8,8760,196920876,"99.32%","86.92%","0.27%",0.092659815305717
"PPN158",0,2,5,5,5.55704,7,9365,184544155,"99.27%","85.07%","0.32%",0.102742825964875
"PPN159",0,3,6,6,7.0961,10,10541,244513728,"98.55%","86.77%","0.28%",0.103061714391758
"PPN160",0,3,5,5,5.67664,8,6635,187800573,"99.34%","86.50%","0.27%",0.0890751382318732
"PPN161",0,3,6,6,6.21431,9,6558,206169211,"99.37%","84.60%","0.27%",0.114132492848314
"PPN162",0,3,6,5,5.88238,8,7834,195162607,"99.31%","87.54%","0.17%",0.0901264041835637
"PPN163",0,6,13,12,12.427,16,22986,413514528,"99.41%","84.72%","0.27%",0.121865595010002
"PPN164",0,6,12,11,11.937,16,12090,409935219,"99.31%","90.16%","0.25%",0.0811586281392427
"PPN165",0,6,12,12,12.0592,16,18821,412330060,"99.23%","88.03%","0.30%",0.0964808774795609
"PPN166",0,6,11,11,11.2545,15,23268,385397932,"99.08%","84.93%","0.38%",0.114622042133843
"PPN167",0,5,11,10,11.0605,15,69297,372539292,"99.46%","88.37%","0.24%",0.0975388926223653
"PPN168",0,2,5,5,5.14239,7,5978,170848662,"99.36%","88.09%","0.15%",0.0938973464129324
"PPN169",0,6,10,10,10.092,13,16734,346123334,"99.03%","86.94%","0.42%",0.0971896220091304
"PPN170",0,5,12,11,11.4206,15,20829,391737564,"99.15%","85.86%","0.34%",0.113315923922986
"PPN171",0,5,11,11,11.219,15,23234,385699718,"98.81%","80.15%","0.54%",0.152782092518927
"PPN172",0,8,14,13,13.7113,18,10544,452137049,"99.55%","86.92%","0.21%",0.104777328256504
"PPN173",0,7,12,11,11.7905,15,20255,400929394,"99.28%","89.07%","0.32%",0.0829976262603485
"PPN174",0,3,5,5,5.35169,7,7745,176501776,"99.49%","89.33%","0.16%",0.0719795136792278
"PPN175",0,12,22,20,21.0966,28,100484,712299422,"99.14%","89.32%","0.20%",0.0855111461820055
"PPN176",0,8,15,14,14.2869,19,15466,475624166,"99.38%","88.01%","0.28%",0.0947517288261589
"PPN177",0,3,6,6,6.43567,9,9034,212697381,"99.47%","88.38%","0.21%",0.0889413208148529
"PPN178",0,2,5,5,5.43177,7,10169,179687394,"99.20%","84.16%","0.32%",0.0977132319031796
"PPN179",0,8,15,14,14.4959,19,24613,478951349,"99.60%","87.92%","0.16%",0.0976530040006214
"PPN180",0,2,5,5,6.05045,8,11469,200496492,"99.39%","84.91%","0.25%",0.114104270712128
"PPN181",0,2,6,5,6.29231,8,13738,230364422,"91.84%","76.76%","4.44%",0.089709130518427
"PPN182",0,7,13,12,13.0579,17,13776,429899475,"99.65%","89.08%","0.12%",0.0872617301986703
"PPN183",0,7,14,13,13.774,18,28574,455587686,"99.56%","86.52%","0.19%",0.108031300038254
"PPN184",0,6,14,13,13.1182,18,23349,434984357,"99.42%","84.40%","0.24%",0.12282935038972
"PPN185",0,10,14,14,14.2402,18,14684,472616870,"99.47%","91.84%","0.27%",0.0592614140075025
"PPN186",0,2,5,5,5.17984,7,6477,171368064,"99.26%","84.00%","0.32%",0.106491393869047
"PPN187",0,7,14,13,13.7106,18,20852,453740230,"99.49%","86.18%","0.22%",0.111003447942009
"PPN188",0,2,4,4,4.7423,7,4473,157124235,"99.36%","85.62%","0.24%",0.102777270482813
"PPN189",0,2,5,5,5.42136,7,13321,181839979,"99.12%","83.66%","0.36%",0.107122383686593
"PPN190",0,2,4,4,4.24883,6,4186,141111267,"99.11%","81.26%","0.39%",0.121814837081719
"PPN191",0,9,16,15,15.1753,20,22689,501318490,"99.56%","88.41%","0.18%",0.0904358464815451
"PPN192",0,2,4,4,4.52652,6,4930,150003177,"99.33%","86.27%","0.30%",0.0957632784004301
"PPN193",0,3,6,6,6.49884,9,7211,214129814,"99.46%","88.07%","0.24%",0.0753138561078655
"PPN194",0,4,7,7,7.76907,10,10307,255387048,"99.69%","92.79%","0.13%",0.0565864091901794
"PPN195",0,9,15,14,14.8422,19,19601,490412198,"99.57%","89.37%","0.17%",0.0840260584219808
"PPN196",0,2,4,4,4.23482,6,6504,140162546,"99.38%","85.71%","0.23%",0.0967943033797346
"PPN197",0,5,10,10,10.6763,14,11774,359615310,"99.51%","90.08%","0.21%",0.084302295138658
"PPN198",0,2,5,5,5.50479,7,7804,182477961,"99.43%","86.59%","0.24%",0.101135347517391
"PPN199",0,2,5,5,5.27111,7,5661,175802460,"98.96%","76.93%","0.53%",0.180810734957861
"PPN200",0,3,7,6,6.97041,9,5963,234747086,"99.24%","90.13%","0.40%",0.075397775118708
"PPN201",0,6,13,12,12.4941,16,13584,419917993,"99.26%","86.94%","0.31%",0.10241583527477
"PPN202",0,5,11,10,11.3929,15,10904,388220574,"98.82%","83.61%","0.48%",0.124773083252409
"PPN203",0,6,12,11,11.8315,16,25907,394678885,"99.18%","84.90%","0.18%",0.116233261376524
"PPN204",0,3,6,5,5.98694,8,5851,211022412,"94.94%","78.99%","2.92%",0.104604273028592
"PPN205",0,3,5,5,5.47607,7,4802,179610994,"99.67%","93.70%","0.15%",0.0490128460621959
"PPN206",0,3,5,5,5.73472,7,7379,189846015,"99.42%","90.98%","0.31%",0.0636550100880443
"PPN207",0,7,12,12,12.355,16,16108,413715772,"98.96%","80.95%","0.46%",0.145144536573288
"PPN208",0,2,4,4,4.83204,7,2981,163620256,"98.90%","84.47%","0.53%",0.115724119145737
"PPN209",0,3,6,6,6.15316,8,4512,201212869,"99.72%","93.37%","0.11%",0.0509219417769944
"PPN210",0,4,7,6,6.82062,9,7049,223447025,"99.61%","83.93%","0.21%",0.127484427237284
"PPN211",0,2,4,4,4.79004,6,12140,156862932,"99.72%","93.76%","0.13%",0.0483477893936089
"PPN212",0,4,6,6,6.73184,9,7529,222166983,"99.65%","91.74%","0.15%",0.0608803064134872
"PPN213",0,2,4,4,4.67169,6,6217,155494027,"99.29%","85.50%","0.37%",0.105277587286359
"PPN214",0,4,7,7,7.46741,10,6724,247293188,"99.51%","86.79%","0.22%",0.0990150848797339
"PPN215",0,6,11,10,10.6037,14,19107,351637911,"99.40%","86.59%","0.28%",0.105546622929403
"PPN216",0,4,6,6,6.91063,9,7299,227562332,"99.27%","88.23%","0.29%",0.0785396328246452
"PPN217",0,3,6,6,6.99135,9,7298,232430916,"99.32%","84.53%","0.28%",0.12099987593733
"PPN218",0,7,13,13,13.1251,17,21346,439333071,"99.50%","86.32%","0.20%",0.11240733115673
"PPN219",0,6,13,12,12.6093,16,24998,417651632,"99.56%","87.44%","0.18%",0.102791036142773
"PPN220",0,3,5,5,6.01502,8,8474,199579056,"99.39%","85.64%","0.27%",0.115478259402129
"PPN221",0,7,13,13,13.2156,17,22045,437006223,"99.58%","88.57%","0.19%",0.0929811793549677
"PPN222",0,3,6,6,6.46266,9,7149,216008499,"99.10%","85.10%","0.42%",0.113124493309867
"PPN223",0,2,5,5,5.47418,7,11858,180742473,"99.52%","87.93%","0.19%",0.0980297309531667
"PPN224",0,3,4,5,5.33232,7,7674,178377456,"99.27%","88.92%","0.34%",0.0825168288082324
"PPN225",0,3,7,7,7.11886,9,9515,235017243,"99.68%","91.58%","0.11%",0.0688661129430405
"PPN226",0,8,15,15,15.2252,20,17330,511241041,"99.62%","91.09%","0.10%",0.0764567373611932
"PPN227",0,6,12,11,11.6947,16,69541,394288145,"99.50%","89.45%","0.19%",0.08813304797688
"PPN228",0,2,5,5,5.69798,8,5936,191698500,"98.84%","85.92%","0.55%",0.102752061179404
"PPN229",0,3,6,6,6.49422,9,6183,218911460,"98.63%","84.88%","0.67%",0.11028890858432
"PPN230",0,2,6,5,5.88533,8,4735,197005779,"98.97%","85.46%","0.48%",0.111430873304483
"PPN231",0,4,7,7,7.64364,10,8719,260332673,"98.49%","90.62%","0.88%",0.0584565119108196
"PPN232",0,8,14,13,13.648,18,21098,459790831,"99.14%","84.11%","0.33%",0.1182911540052
"PPN233",0,14,23,22,22.9399,30,100012,774371264,"99.16%","92.08%","0.19%",0.0604112318919933
"PPN234",0,4,7,7,7.39377,10,6699,244307158,"99.37%","86.23%","0.28%",0.102247663165072
"PPN235",0,7,14,13,13.8609,18,21419,465402166,"99.28%","85.42%","0.26%",0.111762036792927
"PPN236",0,3,6,6,6.61962,9,14282,218835695,"99.41%","86.22%","0.25%",0.106793473523595
"PPN237",0,7,15,14,14.071,19,18515,470352894,"99.25%","84.29%","0.30%",0.125181409003938
"PPN238",0,3,7,6,6.96502,9,5039,230575463,"99.28%","84.35%","0.30%",0.113417991922237
"PPN239",0,2,4,4,4.10412,6,4459,135898886,"99.39%","87.08%","0.28%",0.101027774429291
"PPN240",0,7,14,13,13.2034,17,24267,439138550,"99.53%","89.77%","0.13%",0.0846798715348493
"PPN241",0,3,5,5,5.71113,8,7693,190264883,"99.10%","85.96%","0.44%",0.0918781107914696
"PPN242",0,7,14,13,13.3995,18,22552,445793205,"99.49%","87.76%","0.19%",0.0997358315499672
"PPN243",0,2,4,4,4.60891,6,7784,152919772,"99.36%","85.98%","0.26%",0.10653051457597
"PPN244",0,4,7,7,7.78566,10,7913,261890903,"99.27%","88.55%","0.33%",0.0901458497777603
"PPN245",0,3,6,6,6.75109,9,8841,226833057,"99.24%","87.56%","0.35%",0.0984157613323529
"PPN246",0,2,5,5,5.37867,7,8473,177933363,"99.47%","86.63%","0.23%",0.101505820468306
"PPN247",0,5,8,8,8.42699,11,6451,281989906,"99.00%","89.84%","0.49%",0.0750396789025491
"PPN248",0,2,5,5,5.30326,7,6135,175760112,"99.28%","84.05%","0.32%",0.119418995363408
"PPN249",0,8,14,13,13.0607,17,23810,433419147,"99.46%","88.20%","0.22%",0.0912345019219929
"PPN250",0,1,3,3,4.24509,6,11464,140183200,"99.64%","87.44%","0.15%",0.104419816354599
"PPN252",0,3,5,5,5.66121,7,4834,185696330,"99.53%","90.77%","0.24%",0.0636797183875416
"PPN253",0,3,6,6,6.46913,9,9808,213975207,"99.34%","84.68%","0.28%",0.111231746582678
"PPN254",0,2,5,5,5.96598,8,14603,197451308,"99.69%","89.75%","0.15%",0.087794252545544
"PPN255",0,8,14,13,13.5041,18,18559,453626985,"99.29%","86.50%","0.24%",0.105199015001279
"PPN256",0,9,16,15,15.8337,20,19954,524343734,"99.74%","91.25%","0.12%",0.0763781302285954
"PPN257",0,4,8,8,8.61163,11,11202,284968242,"99.40%","86.98%","0.25%",0.100611779750531
"PPN258",0,3,5,5,5.49074,7,5603,180730363,"99.84%","93.53%","0.07%",0.0556938515085039
"PPN259",0,7,14,14,13.913,18,26589,461833224,"99.43%","84.86%","0.25%",0.11917717725739
"PPN260",0,2,5,5,5.76407,8,4501,191099399,"99.43%","86.71%","0.24%",0.100681373676115
"PPN261",0,7,11,11,11.9649,15,28274,397963686,"99.61%","80.69%","0.17%",0.173203838502993
"PPN262",0,8,15,14,14.7231,19,24255,489971760,"99.24%","81.48%","0.35%",0.142882451021259
"PPN263",0,3,6,5,6.32238,8,14902,208036857,"99.72%","93.06%","0.14%",0.0583106098358331
"PPN264",0,7,13,13,13.5581,18,23037,448834810,"99.56%","89.27%","0.15%",0.086370974657692
"PPN265",0,2,4,4,4.73407,7,6104,157772173,"99.08%","84.76%","0.42%",0.101970935013996
"PPN266",0,7,15,14,14.3494,19,24506,476776723,"99.49%","86.30%","0.19%",0.110789309653441
"PPN267",0,6,13,12,12.3281,16,31695,408069504,"99.39%","89.75%","0.25%",0.0820373874348621
"PPN268",0,3,6,5,5.99442,8,6977,198010254,"99.72%","91.34%","0.15%",0.073997147642667
"PPN269",0,7,14,13,14.122,18,22468,467234396,"99.58%","89.16%","0.14%",0.0862172912458269
"PPN270",0,2,5,5,5.78014,8,9630,190981852,"99.84%","90.81%","0.05%",0.0805363747336579
"PPN271",0,6,11,10,10.6468,14,12106,351078784,"98.68%","92.23%","0.10%",0.0560416148644288
"PPN273",0,2,5,5,5.58586,8,6170,184309785,"99.72%","91.50%","0.15%",0.072153922809904
"PPN274",0,6,11,10,10.8208,14,51395,356160575,"99.51%","89.82%","0.23%",0.081957347468905
"PPN275",0,7,13,13,13.562,18,24804,448002146,"99.62%","90.11%","0.14%",0.0782159199746333
"PPN276",0,7,13,13,13.6716,18,21799,453852416,"99.44%","86.85%","0.20%",0.102993974146873
"PPN277",0,3,5,5,6.01975,8,7199,200654637,"99.31%","87.29%","0.31%",0.100157186997876
"PPN278",0,8,14,13,13.866,18,19713,458176929,"99.56%","89.72%","0.17%",0.0791454516907812
"PPN279",0,5,10,10,10.4076,14,16416,345735907,"98.41%","91.61%","0.10%",0.0598346876363062
"PPN280",0,6,12,11,11.8379,16,16739,392163347,"99.53%","88.46%","0.18%",0.0926304772689529
"PPN281",0,4,9,8,8.63101,12,58410,285571509,"99.64%","87.36%","0.15%",0.106986800283357
"PPN282",0,5,10,9,9.80567,13,31797,321911087,"99.40%","80.95%","0.25%",0.145019546965774
"PPN283",0,6,11,11,11.1407,15,52865,367451629,"99.44%","88.14%","0.24%",0.0940760722549416
"PPN284",0,2,5,5,5.52198,8,7322,181814163,"99.84%","92.94%","0.07%",0.0609713776808466
"PPN286",0,2,4,4,4.6925,6,9169,154450872,"99.86%","93.45%","0.06%",0.0568171606049592
"PPN287",0,4,9,8,9.32634,13,14654,310561248,"98.56%","89.11%","0.10%",0.083624026394948
"PPN288",0,5,10,9,9.87549,13,54252,325593849,"99.61%","88.59%","0.19%",0.0935979291181265
"PPN289",0,2,5,5,5.74572,8,8519,190672520,"99.31%","85.83%","0.29%",0.103108922040785
"RHA415-4_PPN251",0,3,6,6,7.45224,10,20892,256986728,"97.59%","78.94%","0.46%",0.150239579687555
"SF_33",0,8,15,14,14.0979,19,18891,469938142,"99.37%","84.33%","0.28%",0.123628871137683
